{
  "homography": [
    [
      0.003850268571760369,
      -0.001143480049288948,
      -0.12583804600387552
    ],
    [
      0.005232746625608415,
      0.017665072715220973,
      -8.99260255601425
    ],
    [
      -4.935671245145134e-07,
      -7.597083950632654e-07,
      1.0
    ]
  ],
  "court_width": 6.1,
  "court_length": 13.41,
  "image_points": [
    [
      169.0,
      459.0
    ],
    [
      1624.0,
      28.0
    ],
    [
      1830.0,
      725.0
    ],
    [
      376.0,
      1156.0
    ]
  ],
  "court_points": [
    [
      0.0,
      0.0
    ],
    [
      6.099999904632568,
      0.0
    ],
    [
      6.099999904632568,
      13.40999984741211
    ],
    [
      0.0,
      13.40999984741211
    ]
  ],
  "yellow_polygon": [
    [
      984,
      976
    ],
    [
      530,
      718
    ],
    [
      174,
      474
    ],
    [
      499,
      362
    ],
    [
      921,
      237
    ],
    [
      1229,
      163
    ],
    [
      1701,
      288
    ],
    [
      1395,
      604
    ]
  ],
  "num_yellow_points": 8,
  "court_split": "by_width",
  "method": "yellow_polygon_exact",
  "video_path": "C:\\Users\\highp\\pickerball\\video\\data_video\\san4.mp4",
  "net_line": [
    [
      893,
      247
    ],
    [
      1548,
      438
    ]
  ],
  "net_line_defined": true
}