{
  "homography": [
    [
      0.029986459333385937,
      -0.001746784038837831,
      -3.820798954285042
    ],
    [
      0.0008042331444129768,
      0.09640074624363185,
      -1.066949304921185
    ],
    [
      0.004071070647898425,
      -0.00040904496518966654,
      1.0
    ]
  ],
  "court_width": 6.1,
  "court_length": 13.41,
  "image_points": [
    [
      128.0,
      10.0
    ],
    [
      1926.0,
      -5.0
    ],
    [
      1769.0,
      1076.0
    ],
    [
      140.0,
      216.0
    ]
  ],
  "court_points": [
    [
      0.0,
      0.0
    ],
    [
      6.099999904632568,
      0.0
    ],
    [
      6.099999904632568,
      13.40999984741211
    ],
    [
      0.0,
      13.40999984741211
    ]
  ],
  "method": "auto_detection",
  "video_path": "C:\\Users\\highp\\pickerball\\video\\data_video\\san4.mp4"
}