{
  "homography": [
    [
      0.008116736674819052,
      0.027670693209610388,
      -14.632262569241982
    ],
    [
      -0.013713758130463766,
      0.05131599816560612,
      8.246834808648616
    ],
    [
      -0.0003715585504444372,
      0.0027716118419006306,
      1.0
    ]
  ],
  "court_width": 6.1,
  "court_length": 13.41,
  "image_points": [
    [
      1230,
      168
    ],
    [
      1694,
      292
    ],
    [
      987,
      974
    ],
    [
      180,
      476
    ]
  ],
  "court_points": [
    [
      0.0,
      0.0
    ],
    [
      6.099999904632568,
      0.0
    ],
    [
      6.099999904632568,
      13.40999984741211
    ],
    [
      0.0,
      13.40999984741211
    ]
  ],
  "video": "san4.mp4"
}